Id,AccountId,FirstName,LastName,Email,Phone,Title,MailingCity,MailingState
003C000001,001A000001,María,González,maria.gonzalez@gracefellowship.org,(512) 555-1001,Executive Director,Austin,TX
003C000002,001A000001,James,Williams,james.w@gracefellowship.org,,Associate Pastor,Austin,TX
003C000003,001A000002,Fatima,Patel,fatima.patel@eastsidedigital.org,(512) 555-1003,Program Manager,Austin,TX
003C000004,001A000002,Fatima,Patel,fatima.patel@eastsidedigital.org,(512) 555-1003,Program Manager,Austin,Texas
003C000005,001A000003,Keiko,Tanaka,keiko@hoperestore.org,(512) 555-1005,Volunteer Coordinator,Round Rock,TX
003C000006,001A000004,Robert,Chen,,5125551006,Regional Director,,Tx
003C000007,001A000005,Aisha,Johnson,aisha.j@sunrisecenter.org,(512) 555-1007,Director of Youth Programs,Austin,TX
003C000008,,David,Lee,david.lee.orphan@gmail.com,(512) 555-1008,Consultant,,TX
003C000009,001A000006,Carlos,Ñúñez,carlos@cafeconcodigo.com,(512) 555-1009,Co-Founder & Head Chef,Austin,TX
003C000010,001A000007,Priya,Müller-Schmidt,priya.ms@prairiewind.org,,(no title),,,
